{
	"partitions" : [
		{
			"name" : "Top",
			"pins" : [
				{
					"name" : "OUT[0]",
					"strict" : false
				},
				{
					"name" : "OUT[1]",
					"strict" : false
				},
				{
					"name" : "OUT[2]",
					"strict" : false
				},
				{
					"name" : "OUT[3]",
					"strict" : false
				},
				{
					"name" : "OUT[4]",
					"strict" : false
				},
				{
					"name" : "OUT[5]",
					"strict" : false
				},
				{
					"name" : "OUT[6]",
					"strict" : false
				},
				{
					"name" : "OUT[7]",
					"strict" : false
				},
				{
					"name" : "CLK",
					"strict" : false
				},
				{
					"name" : "Show_DATA",
					"strict" : false
				},
				{
					"name" : "RST",
					"strict" : false
				}
			]
		}
	]
}