# system info soc_nios on 2021.10.02.15:19:11
system_info:
name,value
DEVICE,EP4CE22F17C6
DEVICE_FAMILY,Cyclone IV E
GENERATION_ID,1633180711
#
#
# Files generated for soc_nios on 2021.10.02.15:19:11
files:
filepath,kind,attributes,module,is_top
simulation/soc_nios.vhd,VHDL,,soc_nios,true
simulation/submodules/soc_nios_jtag_uart_0.vhd,VHDL,,soc_nios_jtag_uart_0,false
simulation/submodules/soc_nios_nios2_gen2_0.v,VERILOG,,soc_nios_nios2_gen2_0,false
simulation/submodules/soc_nios_onchip_memory2_0.hex,HEX,,soc_nios_onchip_memory2_0,false
simulation/submodules/soc_nios_onchip_memory2_0.vhd,VHDL,,soc_nios_onchip_memory2_0,false
simulation/submodules/soc_nios_pio_0.vhd,VHDL,,soc_nios_pio_0,false
simulation/submodules/soc_nios_pio_1.vhd,VHDL,,soc_nios_pio_1,false
simulation/submodules/soc_nios_sysid_qsys_0.v,VERILOG,,soc_nios_sysid_qsys_0,false
simulation/submodules/soc_nios_timer_0.vhd,VHDL,,soc_nios_timer_0,false
simulation/submodules/soc_nios_mm_interconnect_0.v,VERILOG,,soc_nios_mm_interconnect_0,false
simulation/submodules/soc_nios_irq_mapper.sv,SYSTEM_VERILOG,,soc_nios_irq_mapper,false
simulation/submodules/altera_reset_controller.v,VERILOG,,altera_reset_controller,false
simulation/submodules/altera_reset_synchronizer.v,VERILOG,,altera_reset_controller,false
simulation/submodules/altera_reset_controller.sdc,SDC,,altera_reset_controller,false
simulation/submodules/soc_nios_nios2_gen2_0_cpu.sdc,SDC,,soc_nios_nios2_gen2_0_cpu,false
simulation/submodules/soc_nios_nios2_gen2_0_cpu.v,VERILOG,,soc_nios_nios2_gen2_0_cpu,false
simulation/submodules/soc_nios_nios2_gen2_0_cpu_debug_slave_sysclk.v,VERILOG,,soc_nios_nios2_gen2_0_cpu,false
simulation/submodules/soc_nios_nios2_gen2_0_cpu_debug_slave_tck.v,VERILOG,,soc_nios_nios2_gen2_0_cpu,false
simulation/submodules/soc_nios_nios2_gen2_0_cpu_debug_slave_wrapper.v,VERILOG,,soc_nios_nios2_gen2_0_cpu,false
simulation/submodules/soc_nios_nios2_gen2_0_cpu_nios2_waves.do,OTHER,,soc_nios_nios2_gen2_0_cpu,false
simulation/submodules/soc_nios_nios2_gen2_0_cpu_ociram_default_contents.dat,DAT,,soc_nios_nios2_gen2_0_cpu,false
simulation/submodules/soc_nios_nios2_gen2_0_cpu_ociram_default_contents.hex,HEX,,soc_nios_nios2_gen2_0_cpu,false
simulation/submodules/soc_nios_nios2_gen2_0_cpu_ociram_default_contents.mif,MIF,,soc_nios_nios2_gen2_0_cpu,false
simulation/submodules/soc_nios_nios2_gen2_0_cpu_rf_ram_a.dat,DAT,,soc_nios_nios2_gen2_0_cpu,false
simulation/submodules/soc_nios_nios2_gen2_0_cpu_rf_ram_a.hex,HEX,,soc_nios_nios2_gen2_0_cpu,false
simulation/submodules/soc_nios_nios2_gen2_0_cpu_rf_ram_a.mif,MIF,,soc_nios_nios2_gen2_0_cpu,false
simulation/submodules/soc_nios_nios2_gen2_0_cpu_rf_ram_b.dat,DAT,,soc_nios_nios2_gen2_0_cpu,false
simulation/submodules/soc_nios_nios2_gen2_0_cpu_rf_ram_b.hex,HEX,,soc_nios_nios2_gen2_0_cpu,false
simulation/submodules/soc_nios_nios2_gen2_0_cpu_rf_ram_b.mif,MIF,,soc_nios_nios2_gen2_0_cpu,false
simulation/submodules/soc_nios_nios2_gen2_0_cpu_test_bench.v,VERILOG,,soc_nios_nios2_gen2_0_cpu,false
simulation/submodules/altera_merlin_master_translator.sv,SYSTEM_VERILOG,,altera_merlin_master_translator,false
simulation/submodules/altera_merlin_slave_translator.sv,SYSTEM_VERILOG,,altera_merlin_slave_translator,false
simulation/submodules/altera_merlin_master_agent.sv,SYSTEM_VERILOG,,altera_merlin_master_agent,false
simulation/submodules/altera_merlin_slave_agent.sv,SYSTEM_VERILOG,,altera_merlin_slave_agent,false
simulation/submodules/altera_merlin_burst_uncompressor.sv,SYSTEM_VERILOG,,altera_merlin_slave_agent,false
simulation/submodules/altera_avalon_sc_fifo.v,VERILOG,,altera_avalon_sc_fifo,false
simulation/submodules/soc_nios_mm_interconnect_0_router.sv,SYSTEM_VERILOG,,soc_nios_mm_interconnect_0_router,false
simulation/submodules/soc_nios_mm_interconnect_0_router_001.sv,SYSTEM_VERILOG,,soc_nios_mm_interconnect_0_router_001,false
simulation/submodules/soc_nios_mm_interconnect_0_router_002.sv,SYSTEM_VERILOG,,soc_nios_mm_interconnect_0_router_002,false
simulation/submodules/soc_nios_mm_interconnect_0_router_004.sv,SYSTEM_VERILOG,,soc_nios_mm_interconnect_0_router_004,false
simulation/submodules/soc_nios_mm_interconnect_0_cmd_demux.sv,SYSTEM_VERILOG,,soc_nios_mm_interconnect_0_cmd_demux,false
simulation/submodules/soc_nios_mm_interconnect_0_cmd_demux_001.sv,SYSTEM_VERILOG,,soc_nios_mm_interconnect_0_cmd_demux_001,false
simulation/submodules/soc_nios_mm_interconnect_0_cmd_mux.sv,SYSTEM_VERILOG,,soc_nios_mm_interconnect_0_cmd_mux,false
simulation/submodules/altera_merlin_arbitrator.sv,SYSTEM_VERILOG,,soc_nios_mm_interconnect_0_cmd_mux,false
simulation/submodules/soc_nios_mm_interconnect_0_cmd_mux_002.sv,SYSTEM_VERILOG,,soc_nios_mm_interconnect_0_cmd_mux_002,false
simulation/submodules/altera_merlin_arbitrator.sv,SYSTEM_VERILOG,,soc_nios_mm_interconnect_0_cmd_mux_002,false
simulation/submodules/soc_nios_mm_interconnect_0_rsp_demux.sv,SYSTEM_VERILOG,,soc_nios_mm_interconnect_0_rsp_demux,false
simulation/submodules/soc_nios_mm_interconnect_0_rsp_mux.sv,SYSTEM_VERILOG,,soc_nios_mm_interconnect_0_rsp_mux,false
simulation/submodules/altera_merlin_arbitrator.sv,SYSTEM_VERILOG,,soc_nios_mm_interconnect_0_rsp_mux,false
simulation/submodules/soc_nios_mm_interconnect_0_rsp_mux_001.sv,SYSTEM_VERILOG,,soc_nios_mm_interconnect_0_rsp_mux_001,false
simulation/submodules/altera_merlin_arbitrator.sv,SYSTEM_VERILOG,,soc_nios_mm_interconnect_0_rsp_mux_001,false
simulation/submodules/soc_nios_mm_interconnect_0_avalon_st_adapter.vhd,VHDL,,soc_nios_mm_interconnect_0_avalon_st_adapter,false
simulation/submodules/soc_nios_mm_interconnect_0_avalon_st_adapter_error_adapter_0.sv,SYSTEM_VERILOG,,soc_nios_mm_interconnect_0_avalon_st_adapter_error_adapter_0,false
#
# Map from instance-path to kind of module
instances:
instancePath,module
soc_nios.jtag_uart_0,soc_nios_jtag_uart_0
soc_nios.nios2_gen2_0,soc_nios_nios2_gen2_0
soc_nios.nios2_gen2_0.cpu,soc_nios_nios2_gen2_0_cpu
soc_nios.onchip_memory2_0,soc_nios_onchip_memory2_0
soc_nios.pio_0,soc_nios_pio_0
soc_nios.pio_1,soc_nios_pio_1
soc_nios.sysid_qsys_0,soc_nios_sysid_qsys_0
soc_nios.timer_0,soc_nios_timer_0
soc_nios.mm_interconnect_0,soc_nios_mm_interconnect_0
soc_nios.mm_interconnect_0.nios2_gen2_0_data_master_translator,altera_merlin_master_translator
soc_nios.mm_interconnect_0.nios2_gen2_0_instruction_master_translator,altera_merlin_master_translator
soc_nios.mm_interconnect_0.jtag_uart_0_avalon_jtag_slave_translator,altera_merlin_slave_translator
soc_nios.mm_interconnect_0.sysid_qsys_0_control_slave_translator,altera_merlin_slave_translator
soc_nios.mm_interconnect_0.nios2_gen2_0_debug_mem_slave_translator,altera_merlin_slave_translator
soc_nios.mm_interconnect_0.onchip_memory2_0_s1_translator,altera_merlin_slave_translator
soc_nios.mm_interconnect_0.timer_0_s1_translator,altera_merlin_slave_translator
soc_nios.mm_interconnect_0.pio_0_s1_translator,altera_merlin_slave_translator
soc_nios.mm_interconnect_0.pio_1_s1_translator,altera_merlin_slave_translator
soc_nios.mm_interconnect_0.nios2_gen2_0_data_master_agent,altera_merlin_master_agent
soc_nios.mm_interconnect_0.nios2_gen2_0_instruction_master_agent,altera_merlin_master_agent
soc_nios.mm_interconnect_0.jtag_uart_0_avalon_jtag_slave_agent,altera_merlin_slave_agent
soc_nios.mm_interconnect_0.sysid_qsys_0_control_slave_agent,altera_merlin_slave_agent
soc_nios.mm_interconnect_0.nios2_gen2_0_debug_mem_slave_agent,altera_merlin_slave_agent
soc_nios.mm_interconnect_0.onchip_memory2_0_s1_agent,altera_merlin_slave_agent
soc_nios.mm_interconnect_0.timer_0_s1_agent,altera_merlin_slave_agent
soc_nios.mm_interconnect_0.pio_0_s1_agent,altera_merlin_slave_agent
soc_nios.mm_interconnect_0.pio_1_s1_agent,altera_merlin_slave_agent
soc_nios.mm_interconnect_0.jtag_uart_0_avalon_jtag_slave_agent_rsp_fifo,altera_avalon_sc_fifo
soc_nios.mm_interconnect_0.sysid_qsys_0_control_slave_agent_rsp_fifo,altera_avalon_sc_fifo
soc_nios.mm_interconnect_0.nios2_gen2_0_debug_mem_slave_agent_rsp_fifo,altera_avalon_sc_fifo
soc_nios.mm_interconnect_0.onchip_memory2_0_s1_agent_rsp_fifo,altera_avalon_sc_fifo
soc_nios.mm_interconnect_0.timer_0_s1_agent_rsp_fifo,altera_avalon_sc_fifo
soc_nios.mm_interconnect_0.pio_0_s1_agent_rsp_fifo,altera_avalon_sc_fifo
soc_nios.mm_interconnect_0.pio_1_s1_agent_rsp_fifo,altera_avalon_sc_fifo
soc_nios.mm_interconnect_0.router,soc_nios_mm_interconnect_0_router
soc_nios.mm_interconnect_0.router_001,soc_nios_mm_interconnect_0_router_001
soc_nios.mm_interconnect_0.router_002,soc_nios_mm_interconnect_0_router_002
soc_nios.mm_interconnect_0.router_003,soc_nios_mm_interconnect_0_router_002
soc_nios.mm_interconnect_0.router_006,soc_nios_mm_interconnect_0_router_002
soc_nios.mm_interconnect_0.router_007,soc_nios_mm_interconnect_0_router_002
soc_nios.mm_interconnect_0.router_008,soc_nios_mm_interconnect_0_router_002
soc_nios.mm_interconnect_0.router_004,soc_nios_mm_interconnect_0_router_004
soc_nios.mm_interconnect_0.router_005,soc_nios_mm_interconnect_0_router_004
soc_nios.mm_interconnect_0.cmd_demux,soc_nios_mm_interconnect_0_cmd_demux
soc_nios.mm_interconnect_0.cmd_demux_001,soc_nios_mm_interconnect_0_cmd_demux_001
soc_nios.mm_interconnect_0.rsp_demux_002,soc_nios_mm_interconnect_0_cmd_demux_001
soc_nios.mm_interconnect_0.rsp_demux_003,soc_nios_mm_interconnect_0_cmd_demux_001
soc_nios.mm_interconnect_0.cmd_mux,soc_nios_mm_interconnect_0_cmd_mux
soc_nios.mm_interconnect_0.cmd_mux_001,soc_nios_mm_interconnect_0_cmd_mux
soc_nios.mm_interconnect_0.cmd_mux_004,soc_nios_mm_interconnect_0_cmd_mux
soc_nios.mm_interconnect_0.cmd_mux_005,soc_nios_mm_interconnect_0_cmd_mux
soc_nios.mm_interconnect_0.cmd_mux_006,soc_nios_mm_interconnect_0_cmd_mux
soc_nios.mm_interconnect_0.cmd_mux_002,soc_nios_mm_interconnect_0_cmd_mux_002
soc_nios.mm_interconnect_0.cmd_mux_003,soc_nios_mm_interconnect_0_cmd_mux_002
soc_nios.mm_interconnect_0.rsp_demux,soc_nios_mm_interconnect_0_rsp_demux
soc_nios.mm_interconnect_0.rsp_demux_001,soc_nios_mm_interconnect_0_rsp_demux
soc_nios.mm_interconnect_0.rsp_demux_004,soc_nios_mm_interconnect_0_rsp_demux
soc_nios.mm_interconnect_0.rsp_demux_005,soc_nios_mm_interconnect_0_rsp_demux
soc_nios.mm_interconnect_0.rsp_demux_006,soc_nios_mm_interconnect_0_rsp_demux
soc_nios.mm_interconnect_0.rsp_mux,soc_nios_mm_interconnect_0_rsp_mux
soc_nios.mm_interconnect_0.rsp_mux_001,soc_nios_mm_interconnect_0_rsp_mux_001
soc_nios.mm_interconnect_0.avalon_st_adapter,soc_nios_mm_interconnect_0_avalon_st_adapter
soc_nios.mm_interconnect_0.avalon_st_adapter.error_adapter_0,soc_nios_mm_interconnect_0_avalon_st_adapter_error_adapter_0
soc_nios.mm_interconnect_0.avalon_st_adapter_001,soc_nios_mm_interconnect_0_avalon_st_adapter
soc_nios.mm_interconnect_0.avalon_st_adapter_001.error_adapter_0,soc_nios_mm_interconnect_0_avalon_st_adapter_error_adapter_0
soc_nios.mm_interconnect_0.avalon_st_adapter_002,soc_nios_mm_interconnect_0_avalon_st_adapter
soc_nios.mm_interconnect_0.avalon_st_adapter_002.error_adapter_0,soc_nios_mm_interconnect_0_avalon_st_adapter_error_adapter_0
soc_nios.mm_interconnect_0.avalon_st_adapter_003,soc_nios_mm_interconnect_0_avalon_st_adapter
soc_nios.mm_interconnect_0.avalon_st_adapter_003.error_adapter_0,soc_nios_mm_interconnect_0_avalon_st_adapter_error_adapter_0
soc_nios.mm_interconnect_0.avalon_st_adapter_004,soc_nios_mm_interconnect_0_avalon_st_adapter
soc_nios.mm_interconnect_0.avalon_st_adapter_004.error_adapter_0,soc_nios_mm_interconnect_0_avalon_st_adapter_error_adapter_0
soc_nios.mm_interconnect_0.avalon_st_adapter_005,soc_nios_mm_interconnect_0_avalon_st_adapter
soc_nios.mm_interconnect_0.avalon_st_adapter_005.error_adapter_0,soc_nios_mm_interconnect_0_avalon_st_adapter_error_adapter_0
soc_nios.mm_interconnect_0.avalon_st_adapter_006,soc_nios_mm_interconnect_0_avalon_st_adapter
soc_nios.mm_interconnect_0.avalon_st_adapter_006.error_adapter_0,soc_nios_mm_interconnect_0_avalon_st_adapter_error_adapter_0
soc_nios.irq_mapper,soc_nios_irq_mapper
soc_nios.rst_controller,altera_reset_controller
